stress,sleep,workload,coffee,burnout_score
0,6.2,0,3,14.55116457897458
0,4.3,10,2,40.812836614889875
5,4.7,5,5,56.217198767861994
0,9.9,0,4,6.503369163322333
0,11.8,0,0,0.47132473876108083
10,9.2,9,4,71.8875763730204
2,6.5,4,2,31.198563001657515
1,7.8,2,4,18.250383168300086
6,6.3,6,0,52.24138422345845
7,10.8,5,0,42.42231457681265
6,7.1,6,4,53.185213485352776
0,9.7,7,5,26.407833741272654
1,4.1,5,1,37.735725703018346
5,12,1,3,26.951624921449003
2,8.3,9,0,41.22986212910018
3,9,3,1,30.739575196693984
10,7.2,3,3,61.57420536284741
0,4.7,6,5,39.63264729858123
7,6.2,4,0,52.4291541694179
9,5.1,2,3,63.38508137307781
7,11,9,3,55.7762855146197
9,11.1,10,2,64.7290390758163
9,5.9,6,5,69.01319480861116
0,7.5,6,0,21.825865026399356
3,8.9,4,1,29.373293450144512
2,5,8,2,42.84196941196189
6,11.9,3,5,32.0089736832092
4,9.6,4,0,35.49365918854502
2,4.4,2,4,33.578952755563684
5,4.8,9,4,61.79524477412902
1,5.4,9,3,40.250101077584866
8,7.5,8,3,63.92709717282051
3,6.9,4,2,36.502106344439284
9,5.4,9,1,78.1952222153736
8,8.3,9,2,64.74320603308152
1,4.2,8,2,43.98403554335734
3,8.7,5,4,39.22323234905532
5,11.2,4,0,33.74250341224977
9,11,6,4,59.055991582228025
5,11.6,5,2,30.380450129394912
6,10.4,6,5,47.87366304053036
1,4.6,8,0,37.825128864770925
8,4.6,2,2,55.34131805665074
10,9.3,6,1,60.80753896799385
1,9,5,2,23.033035305626782
10,6.9,4,2,67.72269124538315
10,8.5,1,4,56.057572223713066
3,5.5,1,4,31.539526854024757
2,10.8,10,4,42.91607866156502
1,9.7,4,0,21.183971829743346
7,6.7,2,5,43.857276219289936
8,8.4,1,3,47.84191640447137
0,11,0,2,4.350572450812218
4,10,2,0,22.882559548825103
7,11.1,5,0,40.862696490460706
2,11.7,3,2,21.133920737945992
1,8,5,4,27.440645043915506
10,7.7,9,0,73.13385405274894
3,10.8,3,3,28.966682418640975
2,5.6,7,2,40.47400071540396
10,8.5,10,4,71.33728023733897
3,7.5,7,1,44.04008908407674
8,5.6,9,2,72.08586624922525
3,11.7,2,5,23.091787341364565
3,8.5,3,2,26.01976691355035
3,9.8,10,4,44.42361563435904
4,8.7,2,4,26.507511059768845
1,5.9,2,4,24.186052943632266
4,9.5,10,5,48.285784908619725
1,9.3,5,0,20.423790435323347
4,8.5,9,3,52.17100339965043
1,6.6,0,5,24.91649393673312
6,8.5,1,5,39.18177193350074
2,5.4,10,0,46.12280782445281
8,6.5,4,4,57.56774780172566
7,7.3,6,2,59.77237059575219
7,4.4,7,4,61.889809348220226
3,6.7,1,5,25.56565879149983
2,11.3,3,1,17.202562875856536
6,10,7,4,53.49915541815963
3,4.6,6,2,47.15299193971792
7,8.8,4,3,48.8747254363418
2,4.2,0,5,29.841470238438255
7,9.5,0,3,35.90634306621198
3,6.6,0,2,28.70606780063389
9,10.5,5,1,51.61579198993394
1,4.5,3,4,29.800741105730786
2,10,10,2,37.956538335906416
8,5.9,6,0,67.15497028338643
6,6.3,4,3,48.6583579323234
2,4.6,3,3,34.34482830404312
8,6.1,8,5,69.92385614078444
10,10.1,0,2,43.617734526116124
5,10.7,10,2,46.4437413077532
7,6.7,3,2,47.67945786022775
2,6.6,7,2,37.28520266373148
7,9.2,9,0,61.3361835805116
9,7,1,0,48.94482169621426
8,7.7,7,4,58.350833424331626
9,6.4,10,1,75.77389689333492
0,5.1,2,4,28.421888110311116
10,4.9,10,3,88.09410445165517
9,5.2,9,2,77.81389991388106
2,7,1,2,22.513277855394197
1,8.3,6,1,28.980453405056142
5,5.7,10,0,56.905901974114734
10,4,9,3,81.30548438234472
2,10.7,3,5,20.296145615153637
5,4.8,7,2,60.18059052788152
10,6.3,7,3,72.66566388044338
8,7.3,7,2,64.12132645368689
2,10.2,2,5,22.240784678211096
9,10.2,10,4,66.89644738173156
1,10,5,3,27.040687220338725
10,7.1,2,5,58.45859689294699
7,10.1,2,2,40.5470763928986
2,11.7,10,2,34.44606382922204
10,4.2,1,2,66.4397597583347
3,4.2,0,1,30.757250471816107
0,10.1,6,1,18.756423941923103
9,4.8,8,5,74.42918855987787
2,9.9,0,5,20.291144632894692
8,10.6,6,5,51.676040356242865
3,10.4,6,5,36.37255840472348
4,11.8,8,3,38.481199943473236
5,5.6,1,2,42.0265497342627
2,11.9,2,0,16.300720501279553
2,6.7,3,3,32.533729856226174
1,6,8,3,41.09050284967037
10,11.3,5,1,51.767083021610745
7,6.9,7,3,55.82892517710419
4,8.3,2,3,36.725216737494726
10,6.7,2,4,57.420097659988464
1,8.1,10,5,42.36093006993537
2,4.6,3,5,34.75925350145312
4,10,3,3,25.275541263733604
4,4.8,0,4,33.69128516097848
3,9.2,9,0,38.76889131155616
5,6,2,0,43.015995687838675
6,6.7,8,2,57.998413303344044
7,7,3,1,48.97035735240134
10,4.5,6,2,76.02877873778009
9,11.9,8,2,53.46637432509581
0,8.5,5,2,21.01549906428953
7,9.9,10,4,57.729894735770706
8,10.8,3,3,41.016160327835365
6,9.8,2,1,32.97039187405004
2,10.3,9,0,37.40439632652139
9,5.2,7,0,68.19716952891744
4,4.8,10,5,58.710420632594975
3,6,10,4,52.032491283858235
9,5.6,5,5,70.38296575984295
5,8.4,2,4,36.07554301422105
10,4.5,5,3,74.68556102527273
9,8.3,6,5,59.59502282209496
6,6.4,6,4,55.14677144956129
9,5.3,9,1,74.66514520171368
6,6.2,2,3,46.14675420791256
3,9.7,7,5,37.198062356544334
2,6,10,4,46.901522163358756
8,8,6,4,56.332410812395345
10,9.9,10,0,67.67372128688096
4,9.6,7,1,38.000560559685944
10,11.7,3,2,45.69382737220005
1,10.7,8,5,30.111430338868406
2,5.3,7,1,44.62628170419342
10,5.3,4,5,72.5813695599549
0,10.7,2,1,6.577989095835282
9,10.9,0,2,35.71767961035576
7,9.8,3,5,47.80379901430735
2,8.2,10,0,38.22059624857866
8,8.1,3,1,48.83166539229084
1,5.1,6,5,38.59658606265201
3,6.7,0,5,23.5644831440239
2,4.7,5,4,37.032888599788244
4,9.1,8,3,43.06936010219001
3,7.5,3,3,28.862238739466015
3,9.7,8,1,36.13634753067394
3,6.6,0,3,31.26211889516412
5,9.6,8,2,47.89281360540046
6,6.6,5,0,49.53953752408049
0,11.9,4,1,10.074975311420808
8,11.6,4,0,43.67237128244587
7,11.2,9,2,56.607911661730974
9,4.1,10,0,81.57268769289625
6,7,0,3,36.03394650751578
6,7,8,1,54.81278219312444
6,10.9,9,2,50.17607473202723
0,4.3,1,2,25.973987381209092
3,4.9,6,0,49.408810460433635
3,6.6,10,1,46.3723273264397
3,8.3,4,5,31.200569462597592
8,7.2,6,3,62.09970232487403
4,7.6,5,1,35.423759489329846
1,10.2,5,3,21.81574160806307
1,9.2,1,3,11.082515298098395
2,7.3,2,4,23.64279287866237
4,11.7,8,5,43.93894472601668
1,6,4,5,34.27366791318548
2,9.2,10,0,38.688877415280444
6,10,2,1,30.825941460443822
9,10.9,9,3,59.20674995890226
7,8.3,6,3,49.270066088694584
9,6.6,2,1,52.0596413145543
8,4.8,4,4,61.598410048217346
9,10.9,7,0,57.9874826892287
6,5.6,6,1,57.00593997059155
0,11.9,3,4,6.341913375266611
3,8.2,8,2,43.73435142655771
9,4.9,7,4,71.94690105178482
5,8.5,10,5,54.475523769148616
9,12,9,5,59.443116269628405
10,5.3,0,1,53.02181477589595
0,8.2,10,0,31.537174490908654
7,8.7,1,2,44.06387267538061
3,8.1,6,5,40.60777092219706
4,6,10,1,60.767952833210536
0,11.2,2,3,12.053532139906807
5,6,9,5,64.53799713134562
0,9.4,6,3,20.61080669086648
7,10.4,3,2,44.048587293989016
5,6.6,8,3,50.66270172496594
7,4.5,8,0,65.40408862995648
1,10.6,5,5,25.393411231583748
3,7.7,6,1,40.92364516679989
8,10.3,0,3,39.34231805271458
8,6,1,3,54.447080113814756
8,8.2,9,2,69.76407224734467
5,8.8,10,5,55.98524561642044
10,8.8,1,3,47.81466279172437
7,5.3,0,3,50.328691336324425
6,6.3,8,0,61.810867801730055
1,9.9,1,4,17.6282873963676
10,4.1,7,3,73.77628208020184
8,8.4,5,2,52.78107153589142
6,5.1,0,0,41.13391809893297
5,8.4,7,3,51.391936864462735
0,11.3,4,5,16.94908718308091
2,7.9,6,5,40.00086926794413
6,4.2,9,5,63.85821704632273
8,8.8,10,3,71.04246819840829
2,9.3,0,5,17.887432902695252
3,5.8,2,0,28.86265173143786
5,6.7,9,2,59.656245552484144
10,10.3,8,3,63.49912843052891
10,4.5,10,2,87.04123593618847
5,9.7,1,2,30.951909134303886
7,11.4,1,5,31.056762191199507
5,8.8,1,5,35.13442001554559
7,7.7,6,2,49.926925419913665
9,6.5,1,4,54.12568813589605
4,6.8,1,3,36.10197760501762
5,6.6,3,4,39.319890963196414
0,10.3,9,4,28.833740540762832
10,4.2,6,0,76.56967137076309
0,8.7,3,3,17.58137601997002
10,7.5,8,5,73.17559648958883
2,7.8,7,5,39.471070270531996
5,11.2,2,1,24.184265324261997
9,9.3,1,1,47.987318576212935
9,4.6,5,3,65.85002607450093
10,9.2,5,4,57.3646687694099
8,5.7,4,5,57.338486710872154
2,6.8,4,0,31.54359552233944
8,4.7,10,3,77.26874625048208
2,6,1,2,27.47031349717522
7,6.9,8,3,63.93995919409241
8,8.5,7,2,63.42911436444488
4,11.2,3,3,27.491138247315472
0,9.3,3,0,17.987347876108306
10,12,1,4,47.02826948871838
5,9.2,0,0,23.30332371019621
6,5.8,9,4,68.93957599168806
1,8,5,1,23.752409800143575
5,6.1,3,2,44.562786941813656
6,8,7,3,48.89999106444603
10,8.3,10,3,73.69649629702519
8,6.7,9,3,69.90218328277822
3,10.5,6,0,27.606079820357692
9,4.7,1,1,52.830075202361456
5,11.7,2,4,23.670976268140762
1,10.3,7,0,26.5400330774333
4,10.4,10,3,43.46282557559394
3,10.3,0,4,14.304424820187524
2,7.2,0,2,23.34715909969313
1,8.6,4,0,25.619700564274947
7,10.9,10,2,56.57934460771798
7,5.6,0,0,47.70248788851216
0,7.9,9,0,35.34680415300393
2,6.5,3,2,30.132537509320272
0,10.2,9,1,25.98610157140016
6,4,3,2,49.46871168994311
6,9.3,6,5,50.123320175220144
4,4.4,3,1,46.58619776864255
5,8.9,1,2,30.13095403948697
10,7.8,5,3,63.217538446399175
10,8.5,4,1,58.303134095067435
3,5.4,9,2,54.70916864413722
7,10.4,7,4,55.80754410942399
1,5.9,9,0,42.83337801105045
8,5.7,1,4,49.572139546058956
5,4.4,7,4,56.1789633910901
8,7.6,4,4,56.330627212073225
0,10.6,8,4,24.618208975287164
10,9,5,1,59.355207886338235
8,9.8,6,3,54.66411805138907
10,10.6,4,3,55.72821774844344
4,6.3,2,4,38.61839540382969
1,7.3,10,0,45.338851978155304
7,10.1,4,3,44.853327122055745
8,6.5,10,1,72.32240703409705
10,9.9,4,0,53.136307484562074
9,8.6,2,4,47.923941674740405
7,4.2,5,3,61.31339048313894
5,6.3,3,3,47.87556741993144
9,10.3,4,1,54.76551817042643
9,4.3,4,4,64.51064980298403
2,9.1,1,0,22.260186620424626
7,9,9,1,57.33191055609514
1,9.3,9,5,31.126873301227185
3,10,10,5,48.106525492713274
3,10.7,8,0,33.789209034460704
8,5.2,10,3,75.70799861893482
7,11.3,8,0,53.26514125109491
3,4.4,10,4,56.276047055990155
10,8.9,6,1,58.36440848937777
7,10.7,0,1,32.4522007511079
7,8.1,8,3,57.91347456947423
9,9.7,3,3,47.592223385844136
3,8.1,5,0,35.47649300779664
1,4.8,9,5,44.33299140998307
9,9.6,7,0,60.779324511013066
9,4.6,0,5,53.65119690854275
8,5.5,10,0,73.58801248592434
2,5.5,4,5,35.856005328885786
4,7.8,4,0,37.03162208484602
9,8,1,1,44.293034530461775
4,5.3,6,0,44.75872628753905
10,5.5,7,5,75.42565491428557
10,4.7,8,1,79.5175731227288
0,11.6,5,2,13.30793992531106
7,11.7,2,1,31.933891297991476
1,9.3,8,2,33.83286544702052
3,6.8,8,5,47.83029064468061
7,11.3,5,4,46.45807613140124
0,11,3,0,11.952095051244047
3,6.6,5,3,37.95319328992013
6,10,3,4,35.96619547084848
10,8.5,0,3,49.934607847322276
3,4.9,3,3,41.729817684121016
3,7.4,0,0,25.322159928999273
10,7.3,1,4,57.00152898854852
5,7.5,6,5,44.64838915773966
1,9.2,4,5,23.632072163403397
1,9.6,2,5,17.30981455778179
7,4.6,9,0,67.87197799941107
9,4.9,2,3,59.828828682823236
9,7.3,8,5,68.92729834956677
2,6.2,4,4,39.16256272413924
1,11.9,3,1,7.800201518580014
9,11.7,3,4,46.585475241422756
1,8.8,2,5,16.05570740220098
7,6.4,1,3,49.76279638412225
5,10,5,1,39.246095455406184
6,5.8,6,4,60.34160980511646
9,4.9,7,1,74.42340454908101
10,7.1,9,1,73.21335562645386
0,5,5,4,30.342904905287273
3,5.7,5,1,37.59363433007765
7,8.9,6,0,47.966443655123825
5,8,3,5,36.49752917260014
7,10.1,10,0,60.14703810493054
6,6.9,7,2,58.19110896014882
8,8.4,1,2,42.93281164728576
8,11.8,6,5,52.98024733913382
5,7,2,3,40.90261610188769
3,11.7,1,1,14.900925911130711
7,5.2,0,3,47.86672636546418
6,11.7,8,4,44.65081421378384
3,10.6,6,5,33.94984631322218
10,9.8,3,0,52.49725644908159
4,10.7,1,3,22.017006113499725
0,9.4,8,0,27.01323553789946
4,8.1,5,5,40.2119643376384
5,11,3,1,30.43609196393953
9,5.5,3,1,56.139958283305354
4,5.2,1,3,35.32127213120722
1,5.5,9,0,44.261000708591034
0,5.1,9,0,36.279283330742224
10,9.2,1,2,52.71229551934059
4,9.5,2,2,31.316676265351653
9,11.8,4,0,49.99961579616767
5,9.1,2,5,39.45222599900528
0,10.6,2,2,12.310717763573585
4,9.9,10,2,47.111546724577806
8,11.9,1,5,36.2492757220992
0,10.1,0,4,8.097843843485192
5,4.5,3,3,50.33827576435996
10,8.8,8,3,72.1024765672984
6,10.3,10,4,52.560506609674334
5,11.7,2,0,23.250235434834053
10,5.6,10,3,84.19867368587923
2,9.7,2,3,15.537557495034992
2,8.7,10,3,46.569504636996804
10,8.1,2,3,57.802945822709674
9,6.6,3,0,54.249042188075215
10,9,8,4,72.11903254791028
1,6.3,4,3,32.165366598278794
10,5.9,10,1,82.64183121459087
4,8.2,8,4,44.53281980709631
4,7.5,8,0,44.329156538624495
2,11,9,4,34.53076257705431
10,7.7,9,1,69.49579949538823
2,6.4,7,3,38.98247635059327
3,10.2,3,1,28.3398391233324
0,5.2,8,5,36.721043684636676
8,4.9,10,2,74.63773199817022
3,9.5,5,2,28.43873068144637
2,9.7,9,2,41.73411137170282
6,5.2,0,1,43.615189891692516
0,9.1,6,1,23.26767248803704
3,4.9,0,4,27.547458640957785
4,8.8,3,3,37.766422680372095
8,10.5,5,2,50.85902658832576
6,11.4,0,1,23.130874492381746
1,9.6,4,2,20.223977772792832
10,6.4,10,5,83.46560204219696
10,5.6,6,1,74.146665659463
5,10.7,7,1,38.685711434353095
9,6,1,5,54.61181918724917
6,4.2,6,2,57.47282173455994
1,5.7,7,2,40.14507182700994
4,7.3,2,3,36.90579590475156
9,6,10,1,81.0309653327202
7,8,3,4,45.55680240141547
2,8.5,10,3,39.68669659919556
7,4.2,3,3,58.332748016388464
3,8.5,3,1,32.632192282830914
3,9.6,4,5,27.94407855356167
9,4.5,9,5,77.4374902877767
2,9.7,10,2,37.09225107481635
2,10.9,4,3,19.886198437840726
8,10.7,1,3,37.696451321990004
3,11.5,3,2,26.267758827685746
5,7.7,0,4,30.38867605484944
5,10.3,2,3,26.15139309845339
6,5.2,7,5,62.79134579133662
10,8.2,1,5,55.58216795925278
3,4,7,2,47.9983178751506
10,11.5,2,2,50.85974016301446
2,11.4,4,3,19.26897802106412
7,10.3,9,5,61.85504263885183
7,9.4,3,4,42.18126881862552
0,5.9,9,1,35.16598157506535
1,5.7,1,1,26.393024723292868
9,7.5,6,0,59.16156927619677
3,9.1,8,0,44.12228324422117
10,5,4,2,70.58436577455161
6,4.2,6,0,59.82741343794642
5,10.3,10,4,47.111856133023885
1,10.8,5,3,21.15029003788457
9,11.2,7,3,58.085483718876404
5,9.8,8,0,45.21890051998889
3,6.7,1,3,30.185734792742302
1,10,10,5,41.10759750626265
3,6.4,6,0,39.61235946786801
0,5.7,5,1,26.395703575786765
0,9.3,9,5,28.230230195561347
2,4.6,5,4,40.926815846897355
9,6.8,10,0,77.78996849292857
2,7,3,0,25.156663507442506
2,4.9,3,2,38.548913237783935
7,6.6,1,1,46.06592010491286
9,7.4,3,5,62.365762474051586
1,7.5,10,5,44.52937233586445
2,8.1,4,1,30.29586377116686
7,10.4,0,1,30.686904202598004
10,10.1,2,2,55.08038913790953
6,9.7,0,1,31.492730239140197
8,9.4,0,3,43.768303971754264
8,10,4,0,47.69182727593617
10,11.7,1,2,41.1245452028654
2,7.7,3,3,24.493180524081346
0,8.1,7,2,23.746372927078006
1,4.1,9,0,41.95466022921403
10,10.3,5,3,56.12018135089233
1,10,0,1,6.228302703750554
10,7.6,5,3,64.68776743388001
1,9.1,0,5,17.232848628868187
0,9.7,4,2,17.105919028883843
6,7.1,3,0,39.49866214389999
8,9.3,8,3,59.07053413254626
9,4.8,5,3,64.68184424598789
4,8.3,4,2,41.05467190515037
2,7.8,8,3,39.70793739135668
6,10.8,6,1,40.49562641252607
0,7.4,0,4,16.289607071391664
3,10.5,9,2,40.310326278109095
7,4.5,6,2,58.18647278428137
3,7.6,3,1,32.956446009374886
9,4,1,5,59.56596902893801
3,4.2,4,2,39.58173051761227
10,10.9,0,3,43.16020175205534
5,6.7,10,0,61.67811352167531
10,6.3,8,3,75.83994566126145
3,10.8,0,5,17.68549143436409
4,5.1,7,4,55.60446738052639
7,8.9,0,2,39.61071622063425
6,7,5,0,52.55573013774926
7,7.1,5,0,51.8637933439466
1,5.5,0,0,23.868377347336743
6,4.1,8,0,66.94437041263573
5,6.9,9,0,55.981527167690075
2,8.4,5,4,34.85393725276317
9,8.2,3,1,56.20269125091084
6,10.9,6,0,38.27912455715216
9,8.5,6,4,61.75553802883918
9,7.8,1,2,48.54077831539304
1,7.1,2,0,21.12883460400176
6,9.2,1,5,33.20440739154812
1,6,3,5,29.048575494826757
5,7.7,0,0,31.12409850045423
5,4.4,2,4,46.073078906745
0,9.5,6,3,23.49178881741393
5,10,0,2,25.00298248225056
4,11.6,2,5,25.937295042931748
5,10.9,0,3,23.578955129850048
0,11.6,2,5,12.744772406540232
6,5.9,7,1,54.11444021686924
9,5.6,7,5,75.81169167639318
8,11,3,4,44.544734150052136
10,5.3,4,1,66.46956561868268
10,4.6,9,2,83.8460777358329
3,5.2,2,3,36.43750863922753
7,7.5,1,0,44.31080506104054
8,6.3,2,3,52.18452460091852
7,6,2,0,44.501865518408344
5,11.4,6,1,37.09997358836036
9,11.3,0,2,41.99475973384694
6,6,2,2,43.28123138957901
0,7.5,7,5,27.830728762225007
10,6,1,1,57.745569646561265
2,11,7,2,30.78061890628595
10,10.2,2,5,50.86648876360846
10,10.7,8,0,66.41580907121902
5,5.7,5,0,47.76625956556281
5,11.2,1,1,27.306153603563523
3,12,0,2,14.678471378085739
1,7.6,2,3,25.576555045719353
1,10.2,6,4,28.63656751930951
7,10.2,10,3,55.5820888880712
10,7.7,0,5,48.68868540722731
0,11.3,10,2,26.344738027205853
2,4,1,0,31.23481752768073
3,10.4,1,5,18.97505465300779
7,4.2,7,3,67.17911342623457
5,9.6,6,5,41.33531450983108
7,9.6,10,0,61.71537449772178
1,10.5,2,3,19.15109932974454
7,9.4,4,5,47.26654032532579
7,10.9,2,1,38.65374173643326
4,6.5,3,4,37.02966936301229
0,5,3,2,23.57881221592443
1,6.7,5,2,30.151238759420586
8,7.1,4,4,55.22981850429152
0,12,10,1,25.17992766159714
3,9.6,7,0,32.36338383637232
1,4.6,9,0,41.30417443904232
0,8.7,8,1,26.317482872320276
3,10,9,1,40.89577675798825
0,5.2,1,0,14.658128985675804
6,8.7,8,1,48.29057908766864
6,8.9,7,3,47.84125171917928
10,4.6,5,2,68.62504581212524
10,7.8,6,2,63.956669714683365
1,8.9,8,1,28.056149181810596
2,8.7,5,2,31.821853375243883
4,5.3,0,1,32.727235424763705
2,11.3,1,3,10.353102241988992
9,11,9,2,64.31134414953365
0,10.3,7,4,20.482323430903982
10,5.6,3,0,67.10933015261217
9,10.7,2,0,39.32515713016748
9,7.2,1,2,53.4646870798524
2,5.8,5,3,39.856155676099526
9,11.5,7,1,57.24379965171086
7,8.8,7,3,57.11756887115246
7,4.6,8,3,63.89722901688032
4,5.1,5,5,51.877254579945685
0,8.5,8,5,30.83316127002716
2,6.4,9,3,41.83487438651884
9,11,0,1,34.779217788859974
10,8.5,3,3,57.72694342507679
0,6,8,5,36.065025787833754
3,9.8,3,2,24.1292229119557
10,9.8,5,1,60.31200788085492
1,7.8,8,2,31.397701680815036
10,6.3,1,5,55.29713549779883
1,9.1,3,5,23.683904641259666
8,5.7,6,3,67.9564681308372
6,5.5,1,5,42.82086246551098
8,11.7,9,3,60.93970614686461
9,8.4,8,4,69.30897993832495
1,10.2,8,5,29.133024284878896
5,10.8,6,0,34.68425642380708
0,5.5,4,0,26.757440488668323
6,10.1,9,1,52.49104248046343
6,9.8,10,1,56.71268952512841
3,7.2,4,2,35.96972892577879
3,7.7,10,1,46.6829902562527
10,11.9,9,5,65.62945834034707
8,10.3,2,3,45.03089138660868
7,9.9,1,0,32.165277928409
7,11.3,0,4,35.85681273971278
6,11,5,5,39.21510223732763
2,7.4,2,0,25.546131360632216
3,9.4,9,4,41.04891485422026
10,6.3,1,4,56.25815259891155
8,5.6,5,5,67.35736130447664
2,6.7,10,4,43.538256672771226
10,8.2,1,1,49.13043296842743
5,9.9,8,0,42.223077022619115
0,7.7,3,1,19.34639327679253
4,4.9,0,0,29.969775712647554
3,10,4,0,25.062765840866305
10,8.8,3,1,52.23515303661747
2,10,10,1,41.03412013413488
2,10.5,6,2,31.16564430393176
10,9.1,8,1,64.80305307577399
3,9.8,7,5,39.9555955587751
7,8.9,0,3,38.398653148117255
5,9.6,1,2,28.32480271841844
4,5.1,5,0,45.42630643757398
9,11.3,9,4,65.04777711423394
3,4.1,3,5,38.05558442779266
10,5.9,7,4,76.73329549585515
4,5.9,1,1,34.21635366847722
9,10,2,0,48.05722751301185
0,9.2,1,5,15.938395013110448
6,5.7,8,1,63.30102611144804
1,8.4,3,4,22.58900213798138
9,9.9,0,4,47.77597039323674
10,6.9,3,0,56.022754538827655
1,10,6,1,24.911239068342685
5,8.5,5,3,38.53793288998442
0,4.9,3,4,31.1814466578588
9,9.2,0,4,44.18558095973152
5,10.8,9,3,47.21641470346698
10,11.7,8,0,61.52185787637766
3,10.7,8,1,36.9779396326326
10,11.9,10,3,71.57823075296008
2,5.5,9,2,43.94914368850598
5,8.4,5,1,46.80721783871601
3,8.7,0,2,23.339571664512732
8,8.9,3,4,46.90632852667879
10,11.9,1,1,39.581169932225706
4,8.5,10,0,54.65193625128436
4,6,1,3,34.138600728974
3,11.4,2,3,16.40643900237943
9,5.8,3,3,62.720503613414614
3,7.5,6,2,39.47502812710509
10,5,3,3,70.93111675984234
0,11.4,10,0,23.535326848427545
4,6.8,4,5,39.879873983702325
10,11.2,5,0,57.62599691376759
10,10.4,2,4,50.8435304150397
9,4,4,3,71.09887627034296
0,8.3,2,3,18.89098286485381
5,4.3,7,0,53.01905638874617
9,9.5,8,2,65.64511023861925
9,5.6,3,0,56.69668193573707
10,8,7,1,64.47639599082243
10,8.5,2,5,59.329172753414475
7,8,7,4,58.393530377581996
6,5.5,2,2,44.661165717458125
3,7.8,4,4,30.336901321327588
2,10,8,4,39.06121079067853
6,7.2,3,4,41.11839923932147
9,8.1,10,3,71.81174863100128
2,10.7,1,0,12.747434727276383
4,7.9,4,4,40.44641497620338
3,6.4,6,3,37.74060979866723
5,7.1,1,1,34.57220265256566
6,6.6,3,0,43.78724705291069
0,11.5,1,3,3.091994593124684
8,10,0,0,33.314976217299474
2,8.6,1,1,21.951939041679033
3,10,7,3,40.714979940351775
0,10,8,5,25.12225163393902
0,4.1,1,5,26.845847429730775
6,7.5,4,4,44.04458570901703
0,5.5,8,2,41.15449913139334
6,11.6,7,1,42.617654695164845
4,8.8,0,4,21.123609119497516
8,11.9,2,5,43.10259202824839
4,7.3,2,2,31.063797479835188
2,8.1,3,2,22.024830748996692
2,5.5,9,3,52.34697241148016
9,8.6,9,1,67.99891611907051
1,9,10,4,34.02213224584821
4,10,6,0,33.48340805513743
0,9.2,8,1,23.09213514927942
5,9.8,1,2,29.813436282393823
2,7.5,10,3,40.85359803311239
8,10.1,0,0,36.2823136718265
6,10.8,7,4,48.47920064749832
4,5,9,1,57.70234967875822
4,9.8,0,3,25.98449788744973
5,11.4,0,0,20.01351434860591
8,11.9,10,0,60.318236313728875
10,6.6,8,4,75.02372371472451
6,6.2,5,4,54.84785310160386
5,7.3,5,4,48.829863138193474
4,9,2,2,27.686472700441538
5,6.9,0,1,28.870254723523953
1,8.8,1,0,11.480400108410493
10,11.2,5,4,52.51934814150289
4,11.5,5,5,34.04856539011183
0,4.1,1,2,20.87501616683563
4,7.1,0,1,26.234695271454612
2,10.8,4,2,23.976375232441267
3,10.5,8,0,37.98242569850576
4,8,3,2,31.94452727259631
5,9.5,9,3,52.58903513122323
5,5.7,1,1,40.00764837680892
5,11,3,2,28.84968425192118
9,8.7,2,4,51.09443411730524
4,11.3,9,1,37.81233224511307
2,8.8,3,3,27.827929343851153
10,8.1,4,5,59.94457872614721
7,7.5,9,0,60.47571650638281
1,4.9,7,5,43.823627498325955
4,6.2,4,4,47.183466386842966
7,6.8,2,1,46.874063177329525
5,5.5,3,0,45.47860263085831
5,10.2,6,2,39.55700630246853
9,8.1,3,0,53.333186440091865
5,11,5,4,33.3689930024344
8,7.6,4,1,56.86569967553599
8,8.8,7,1,61.428681304370365
10,9.7,4,1,54.10848626998337
3,9.8,8,4,40.165299797399065
10,10.6,4,2,53.38029130234713
1,5.8,10,4,41.67201109783921
1,7.4,0,4,20.830170024494578
8,7.8,0,3,46.70201365213624
6,4.7,3,5,52.342971565060964
1,9.3,4,3,23.993222777639602
7,6.9,7,1,54.80393998434972
3,4.9,5,1,40.27606513245445
2,6.9,2,4,25.601179591994487
4,10.7,2,4,23.849159095567774
3,6.4,6,4,39.942781330837846
8,11.1,7,2,57.01853315371253
0,6.5,0,3,12.509058652213886
9,6.2,10,4,75.72095329828319
2,10.4,8,1,37.340102685912434
0,5.4,1,1,17.696620214564778
4,6.6,8,0,51.04494078207155
0,9.6,6,4,26.79629677863256
2,11.3,0,0,9.035512502201767
8,7.7,4,5,51.274556786946384
4,10.1,7,2,41.260133799132525
5,11.3,9,4,49.027257999262694
0,10.8,5,3,16.022372388435958
6,8.3,2,2,40.352362459649775
1,4.2,4,1,38.29665889387525
8,4.3,6,0,65.74250095056965
2,9.2,9,5,40.43119024562806
3,7.7,9,0,42.66354815421232
9,7.5,8,3,66.16543534706707
10,5.9,2,2,64.91393864781134
7,8.7,0,0,34.783207752630105
7,6.3,3,5,52.24541269287827
0,6.1,3,1,27.145851961798726
5,8.9,10,4,54.084968622613154
5,5.4,6,1,54.185286734239696
8,8.6,5,3,54.39774538960587
2,7.1,1,4,27.464261038973138
5,6.6,5,4,47.58230650933014
3,4.7,2,0,32.68333689845603
7,7.8,10,2,69.49063548659944
9,11.3,9,2,62.69322530886091
3,4.5,7,2,52.850886002723634
10,9.1,4,0,59.51710180006317
10,5,0,3,54.96891835237929
5,11.8,3,3,27.013217435567974
1,9.2,7,2,34.37516311069198
3,8.7,1,5,30.109060058973366
1,12,5,5,23.73918619162609
9,11.4,7,5,54.97165367520352
7,6.2,1,5,44.3051348551074
0,5.2,2,3,21.251238303783953
4,8.9,4,0,33.67702439339913
10,8.2,0,5,48.913039401531364
4,6.4,8,5,52.48150718519849
6,9.8,9,5,52.00299625102856
8,7,4,1,55.163845827806284
4,5.3,10,0,52.830854761716566
8,9.3,1,0,44.986846422609275
9,5.7,1,3,53.97925320165894
6,4,7,2,61.71221459058193
8,11.5,1,0,35.63219905100994
10,4.7,2,4,61.22471186027335
7,7.2,7,0,62.4811008969944
3,7.1,0,0,25.573529035956668
5,9.2,10,3,56.10290459395388
10,11.5,8,2,61.96624961499392
10,9.6,8,3,63.616085342358694
6,5.2,9,1,61.08731757470656
3,10.9,10,1,41.06651711516157
0,8.8,7,3,22.874225114812553
6,8.9,2,2,41.71982653179283
9,7.7,6,3,64.67564742791457
0,8.2,6,2,23.106537015078093
2,9.4,7,1,33.97808927918925
1,10.2,10,4,35.279441655800284
5,9.6,10,4,54.723581478255944
6,8.8,0,4,36.42346053625345
10,9.6,9,5,68.64401125725233
6,11.7,9,1,44.328247281141905
2,7.6,9,1,40.98549152555268
7,8.5,5,1,49.85481443911924
2,11.6,0,1,6.146343997220438
8,4.6,5,0,61.295561998958846
6,9,4,2,43.140084176107784
1,10.8,7,2,26.429218902218192
7,8.7,1,3,44.637182362311805
10,11.8,1,4,43.89215465803791
5,8.1,4,2,37.35960088409058
7,4.7,3,0,54.006488096779336
4,4.4,3,2,46.875046127354764
4,9.1,1,2,24.143267455620112
10,10.8,6,2,61.7853287982872
9,7.4,0,4,45.04444050536852
8,10.1,9,4,58.753071012162934
7,8.6,6,1,48.86903941791816
8,8.6,4,2,53.555954623482194
5,9.9,8,0,45.87921443874716
1,5.2,8,3,45.74067064730062
9,7.1,5,1,61.62703497770131
10,11.7,7,4,57.98195522740708
7,8.9,7,2,52.1104132847522
8,4.1,0,3,54.065442806711694
3,9.2,9,4,45.93998001193134
7,10.8,7,1,53.91270957349847
5,8.8,6,0,47.13985907382735
4,6.6,0,5,36.537614851520686
7,8.8,5,2,51.67997515111255
6,4.4,3,5,51.66322980240933
6,8.9,1,4,34.45647448522882
2,4.7,0,3,25.057238188351132
9,8.7,6,4,59.00446185682473
4,10.4,4,2,29.449470336141754
2,4.2,5,4,45.57587109802506
2,8.5,4,1,27.6604299306086
4,4.5,0,0,31.469547807439554
4,11.5,2,4,22.768887820166565
1,7.3,0,1,11.733367689410699
5,6.1,2,1,39.255325435229196
5,11.3,9,4,41.71337656037237
10,4.8,8,3,76.23923428394227
7,8.6,9,4,56.45638233277264
1,4.5,5,3,33.92704676503564
9,8.6,6,4,62.48827222790116
8,5.3,3,3,61.27883827586675
0,9.4,3,1,9.80279884951182
8,8.5,0,3,39.5146626145875
3,11.7,7,5,37.18829625242072
1,7.2,1,0,20.54628433100295
8,8.6,5,5,50.593136459636
1,5.2,8,3,42.611529655894465
9,4,3,3,69.88934174996338
2,5.2,0,3,30.139976360705273
1,10,5,3,24.83001324172915
3,4.4,7,4,47.69256075420531
3,4.6,9,0,55.28119522527701
0,7.5,10,0,33.13421461401177
3,11,3,1,18.87688791902942
5,9.8,3,5,38.52060876119905
6,8.4,10,2,63.32233510007514
4,7.1,1,2,36.10277890236941
6,6.4,4,5,52.612989482909875
6,9.5,5,0,41.79535625733389
8,11.1,2,1,37.19774491158541
5,5,3,3,46.40477165606536
8,8.1,2,3,48.41822822000899
2,10.5,1,3,18.71590864372901
7,7.9,4,2,47.35750042763852
3,7.1,10,0,51.93602614293667
10,11.9,2,2,46.65535309098396
9,11.8,6,2,57.40070350229871
8,7,6,0,60.59173069685585
0,7.8,7,0,26.84380449456531
9,7.3,2,0,48.84858651260872
5,5.3,3,3,44.15674108150018
4,9.7,10,2,43.177554330420534
5,6.4,7,3,50.71185216852976
10,8.1,1,4,58.77892468757618
6,8.6,9,1,59.70314723998309
8,7.7,10,5,70.23577414222677
2,4.6,0,1,22.620994846160016
4,7.9,10,1,56.72313634661809
2,4.6,5,4,37.83078933359252
10,7.9,8,2,66.84661343938996
4,7.4,8,1,45.62462594732267
9,8,4,5,62.58436105479568
2,7.3,10,1,48.51471337795924
9,9,10,1,66.31028927241165
0,7.6,9,2,32.93397114678289
9,11.8,7,5,60.68027367567025
3,4.6,4,2,43.37231506349221
10,7.9,5,0,58.38369108294461
7,6.2,6,3,57.508104573079756
1,10.1,10,1,31.110067342410204
5,10.8,1,0,25.86893801966548
4,10,7,4,36.51584920307212
6,7.8,1,2,34.3570730981347
6,7.8,7,3,55.34844087947301
8,6,0,4,47.20841777943015
6,11.8,5,1,32.86009102332515
0,11.3,3,2,7.981649074757321
10,4.6,5,4,76.84400985711184
10,7.9,7,1,71.62617084022324
6,7.5,8,0,57.83541475296961
6,7.1,9,0,60.29681968636989
10,7.4,10,0,73.52299218165622
4,6.3,8,0,48.675982688584256
9,4.3,8,4,81.90214674013824
6,9.4,9,1,57.76681648785632
2,11.4,3,2,18.357817030869
7,10.4,4,5,39.96488475192564
1,11.9,10,5,34.583690516855135
1,8.4,3,4,26.292486214880398
2,4.7,1,3,27.9477441129718
1,4.1,6,1,37.13950554471671
10,8.7,4,1,54.68026655908346
6,10.2,0,5,35.459288236147046
0,8.2,8,0,29.310676210052385
10,11.7,6,4,56.34579086690418
6,9.7,10,2,58.307558169185405
8,10.5,1,0,42.04941926801109
2,9.2,2,4,19.979293627752355
5,10,1,3,28.07545192817488
0,6.3,3,0,19.093879258502422
4,7.7,0,0,26.432069294754687
10,9.5,10,2,72.41879462220244
5,8.3,10,1,52.47629323199992
9,11.5,0,2,36.881643302252556
7,9.5,9,0,52.33501823732778
0,4.4,2,0,25.28939578460956
0,11,9,2,27.16438640243516
8,6.2,6,5,68.01867811579004
3,10.1,2,3,18.799274290013404
6,10.9,0,4,30.253935415108554
4,9.1,5,5,38.789043057752366
2,11.5,2,0,18.66762277671886
6,10.2,4,3,39.00546730329443
10,10.9,7,3,61.815153399916106
0,6.2,3,0,18.41525547226506
5,8.4,1,3,35.06595660780481
9,5.6,8,5,75.61589870618518
0,4.2,2,2,23.078131067367657
2,8.8,4,0,29.901160442109866
3,5.1,6,4,43.71673151790118
4,6.9,2,1,38.9203059119469
3,5.2,8,0,50.648284637135205
3,5,0,4,34.260962340931705
7,8.5,10,5,60.76236903595681
5,5.9,5,1,51.94176203814323
4,4.1,5,5,52.44160225896224
6,7.4,9,2,55.748043943426275
4,7.6,6,1,38.294114093941985
7,6.5,6,5,57.14633398787303
4,10.5,8,0,42.07080989213752
5,8.8,5,5,45.652039207694365
9,8.1,8,2,67.1097571836446
8,5.4,8,0,63.708984477427464
9,7.8,5,1,60.299088270912726
3,8.7,9,0,47.657300710074324
9,8.6,4,4,52.685754290235735
6,5.8,4,1,49.727039773383936
8,8.9,9,1,66.04878603292772
8,11.6,10,5,61.60397530353837
5,8.1,3,3,35.250161741176996
3,8.8,10,1,46.418793198725055
10,10.5,5,2,53.42386457145608
6,7.8,8,0,55.9979696572713
4,7.1,9,1,54.041102313437484
0,4.4,3,1,29.277624420720844
3,11.3,5,4,30.32192127651306
7,7.6,6,2,56.37067234491602
8,7.9,5,5,57.88538220110438
1,8.1,5,2,23.021186397013672
10,10.6,6,0,54.53505445995919
10,9.6,10,4,74.3491863234282
3,7.3,10,2,45.018817546533334
9,7.5,3,3,60.245347190898855
3,7.4,9,3,43.247659505491505
3,7.5,8,0,42.93613950189376
2,6.4,8,3,38.841434660169064
5,10.5,8,5,45.319674410492034
1,8.9,6,3,27.727576587004805
1,11.6,10,2,32.55201216844323
3,10.4,10,0,41.993072188788666
6,8.2,6,3,50.73889819386629
7,9.3,6,2,47.611014233562365
0,11.1,10,4,28.268979457773863
5,9.5,9,2,45.818961277093194
9,9.6,0,3,46.29204528312553
9,10.2,3,2,48.73001044267458
3,5.1,2,4,33.824810674781624
5,10.6,7,1,40.91350528628244
9,4.1,0,2,61.66118976263094
6,9.8,1,1,30.10908164713613
2,7.2,1,0,19.290826484945118
1,5.8,7,0,35.8584754131111
1,10.7,0,1,6.293916266072688
4,9.2,9,4,44.6630789926187
10,10.1,9,4,68.97554934019642
1,10.3,6,2,22.412963039663644
5,9.3,5,2,43.65940239649234
6,4.2,0,2,41.87597746730634
9,8.2,2,0,50.979912452336876
9,10.8,9,1,61.66831991316912
8,5.6,3,0,55.79152252997582
0,6.5,2,0,22.88814280937825
4,5,5,0,42.54177598821149
8,5.4,4,2,56.41544557437433
8,7.5,0,2,45.659475555761446
7,11.6,10,3,54.93310990038639
2,6.6,5,4,34.15674652337837
7,11.1,9,2,55.36634577726854
6,9,4,3,44.879489769257674
9,10.9,4,0,49.69346636025229
2,5,3,1,33.418755791959576
8,11.6,7,1,54.04074101963182
5,11.9,1,1,27.84590031201116
4,6.6,6,1,48.102607815917246
3,11.3,2,1,19.401501840113326
1,8,9,1,40.93595101491317
7,8.7,5,2,45.99181256132601
3,7.8,3,4,28.33233158867828
5,10.2,1,4,25.377255375655075
4,4.6,9,3,58.81646586817527
4,10.5,9,3,42.96434182226846
9,8.5,6,1,58.69493983896929
2,9.2,4,0,22.69895343203819
2,4.4,8,4,50.47350626042934
6,6.6,10,2,64.78979490613932
2,11.4,0,5,10.25619998429163
5,7.1,10,5,57.13001256976892
9,10.4,10,1,69.94445870070739
9,9.6,1,4,51.28838103339452
5,5.8,8,1,52.12590661763858
8,4.1,5,5,63.26673469265163
1,8.5,2,2,19.716849102403174
7,10.9,1,3,37.45012194857135
7,10.5,3,5,43.59693697472999
3,4.5,10,4,59.109227323113984
6,6.6,4,1,43.42718450829582
6,5.6,5,2,53.92468728826662
8,4,2,0,58.28630607745161
10,9.3,9,2,66.09798057482062
8,11.8,10,2,62.594868063960156
7,6.1,9,3,64.73508170021312
5,5.5,3,5,46.96130894715273
10,10.3,3,5,53.62755686528326
9,6.5,4,5,60.53963510749886
10,11.3,7,5,62.25462125250515
2,4.3,7,3,43.12375676259143
10,9.6,7,3,64.1573421222519
4,8.1,8,3,50.48978372295953
5,8.8,0,0,32.47567336759766
7,5.9,0,3,44.80961917482514
6,7.1,1,4,42.463546930726515
7,6.4,2,1,48.96560646724556
5,7.1,4,0,47.199954291410535
10,7.4,5,1,64.84062716562951
1,7.2,3,4,25.400608704269594
4,4.5,1,3,36.59607517838559
8,4.8,0,4,49.02753366211592
6,7.7,0,0,34.2402674462325
6,11.1,2,2,27.868044222968983
5,9.2,5,4,39.49949235521484
4,7.1,0,3,25.119417110421356
2,10,9,3,32.48988372471853
1,11.4,10,3,35.88502561645472
6,10,8,2,46.4396459346946
7,5.4,9,3,65.56167375839107
4,6.9,5,0,46.10205695568897
9,6.6,5,2,60.06100322750024
1,7.7,1,2,14.127080533128673
5,7.1,2,1,42.239488143793075
3,10.4,7,2,38.324356956140754
8,11.6,6,1,49.67312212840417
10,11.2,4,5,54.67729892138028
1,11.9,8,5,22.017208980809478
10,9.1,8,3,67.48470556366978
6,5.8,7,0,53.86292723420288
2,6,8,4,41.715830070158425
5,5.4,8,0,56.60737553937308
3,4.5,5,3,47.62765409911282
1,10.8,2,3,10.964661482809802
9,6.7,9,5,74.350760151897
0,11.3,8,4,19.487084225338194
7,8.5,0,4,40.54307506063697
7,7.3,5,3,57.48539951408383
0,4.6,8,5,42.07078397592338
4,5.3,1,1,36.23323262425003
4,5,10,3,62.151134944754034
4,4.4,5,4,44.96727017958138
1,10.3,8,3,26.148142590244838
2,11.1,9,1,30.143388134229404
6,8.2,5,0,47.512709682562736
1,4.1,0,5,22.101536743090783
4,5.9,7,0,48.86687530347967
5,4.6,5,1,49.282288267561405
8,9.4,7,4,57.54131661110965
2,4.8,6,0,40.92835990521677
9,5.3,2,0,56.545569387529135
0,8,10,4,35.29371460757262
10,11.7,10,4,72.52469047469847
2,8.3,4,3,29.80952794409095
5,10.2,5,1,39.05432033302401
10,4.5,3,0,66.12325570061086
5,5.9,2,1,42.57286104675533
5,4.9,1,3,40.17311611099975
1,6.4,0,4,22.717804306862234
2,11.2,7,5,28.484071641433964
0,11.6,1,4,6.975529006769776
0,9.5,2,0,11.140652032284166
6,8.5,5,4,51.16924464154605
2,8.1,5,5,33.54876896975902
1,9.5,0,2,10.030313948942059
2,7.5,7,2,42.008308490875244
9,5.9,4,2,58.45999820986457
7,8.5,9,4,56.61015921987283
8,7.1,10,0,71.48931117520392
1,6.8,0,2,21.612618095459005
8,7.1,10,2,73.26418952226618
9,9.5,9,4,71.12995257476554
3,10.7,7,1,30.660189934395312
9,10.2,8,2,62.36369330370023
7,8.3,0,1,37.5896947440091
4,6.5,7,4,48.04409011595229
4,9.1,8,1,39.920288963688776
5,8.3,2,0,38.139434129970425
9,8.7,4,2,50.86102774078269
9,11.4,6,4,56.506448017277975
2,9.2,2,3,25.617735948014708
4,12,9,0,35.35792200686312
3,7.2,0,3,23.246733137227576
6,11.7,6,0,43.269516513661394
9,5.4,10,4,82.4968106565907
9,7.3,6,3,62.248630151868774
2,8.2,8,4,41.5602973887696
7,10,7,4,54.90629992697897
0,11.1,8,0,23.088854753665377
2,4.1,5,1,38.63257252480597
1,7.9,5,3,26.471590847115568
7,9,9,3,57.67034493780336
7,6.6,6,3,55.14421292902481
1,6.3,6,3,31.047549198582537
8,5.4,8,3,66.29454738955529
7,10.1,10,1,55.32072080867501
6,7.5,10,1,61.705884649365224
5,7.7,7,4,48.508550546287594
5,5.6,6,3,51.92778986204334
8,11.6,7,2,51.426261479060344
1,5.9,1,3,18.35748456436176
8,5.6,4,1,55.62053550602833
7,10.6,6,2,49.08318557845436
2,11.4,4,5,25.929740767507823
6,9.3,5,2,45.28385277277452
10,9.9,6,5,61.28674071393667
10,5,5,2,70.03676208113242
9,6.1,1,0,49.72697229777454
2,4.7,3,0,36.990880647747275
7,8.7,5,5,50.084152174078625
10,5.9,6,1,71.8079040300661
3,7.2,3,4,37.68235435546059
6,4.8,0,2,46.006180177632444
4,6.9,6,0,40.895865773643024
8,11,3,2,45.85236111957383
2,8.8,0,1,12.288339739799774
5,9,10,4,56.611161808928266
6,9.4,3,3,40.998064351140385
3,10.2,1,0,23.134822895194812
6,7.2,6,5,50.77124615561633
7,8.1,9,0,57.04122433767414
9,10,4,5,56.81164274938957
4,5.4,0,5,37.04003377607317
5,10.2,8,1,49.80695376609579
4,9.7,8,1,39.788876154174545
9,7.5,8,4,68.60710916804038
8,10.6,4,1,50.03941839362973
4,4.3,6,5,51.6189423134894
6,11.7,8,3,41.58438733805906
5,10.5,5,3,42.159900914627556
10,6.4,10,3,77.5207494299743
9,5.6,3,0,62.62618441337362
8,11.3,4,2,47.333147001420265
1,10.5,5,2,18.278701565669003
5,9.9,8,0,44.893777195769964
6,7.9,3,2,44.487961300563846
6,4.9,10,3,65.27745966370549
3,5.9,9,4,55.4126171633021
6,9,0,5,36.81950861045054
6,5.4,6,3,61.149916064127886
1,9.3,5,1,22.890628278356118
1,8.3,5,1,24.648569353686714
5,4.2,6,5,52.28813751873214
7,6.3,9,1,66.11855657373002
2,9.8,6,2,27.50159639204806
2,10.3,10,2,35.06658689365264
2,6.8,0,2,24.859956917999845
8,8,10,0,68.21587452497975
4,7.4,1,1,33.27211734583543
7,9.1,9,4,56.743017324817615
4,8,2,1,35.87039449066996
6,11.9,9,1,49.002830124965804
3,9.9,10,4,49.163742134467775
2,9.5,3,3,25.44983157543208
4,9.5,4,1,29.947417117215963
1,7.6,6,2,26.73469635511176
5,5.9,7,4,56.537516831909414
7,11.5,2,2,39.948304644696606
8,4.3,8,3,70.75267678216612
1,10.5,1,0,11.532535341711434
1,7.9,3,0,20.87665267299945
7,11.9,1,0,28.093338981231092
9,6.2,6,5,65.38289995663484
3,4.8,1,5,31.119752850462582
8,10.3,10,0,60.76334201996333
5,10,3,0,36.42428350687988
10,5.6,5,4,74.91794292306022
7,5.9,2,0,50.39809957951211
7,5.5,8,5,65.38753443831601
10,8.2,2,0,53.70959396535473
8,8.4,6,2,58.959143231663674
7,5.7,8,2,67.49664944346002
8,9.3,2,2,46.882047329383866
2,4.8,5,4,42.975140040246636
8,7.3,2,5,54.024512845377444
1,6.4,7,1,32.363116278825615
0,4.3,3,1,30.10101866559396
8,9.3,9,3,67.47680395986782
9,5,7,3,77.30884289279737
1,6.4,10,4,42.06647647215548
5,6.6,10,4,62.15437694497593
10,9.3,10,1,77.19856986018763
0,6.6,5,0,26.913383735390717
6,7,0,5,37.65955083449419
3,10.3,9,2,40.922566549604305
7,10.3,3,3,40.38400372685386
4,6.7,5,0,39.923947350037
5,8.1,6,5,50.08423389440934
7,7.1,5,4,55.866906789460735
2,8.6,10,5,47.628140610062545
1,6.2,9,4,45.555978288756535
9,6.8,4,5,60.91368804613111
5,7.9,7,1,50.59505336429147
5,6.7,1,5,41.036784270409434
7,7.7,9,1,58.72431542253139
3,9,9,2,40.930229897932406
5,10.6,1,2,28.516610322798325
0,11.6,9,3,21.993397932139217
4,10.2,3,4,26.33981091811682
2,6.2,1,2,22.07145464234702
2,7.7,0,1,19.010599455049878
3,6.4,5,0,39.08466560620734
0,9.9,4,0,19.27410698671127
4,8.8,2,4,35.467570132461304
4,4.2,7,4,55.668094062246205
9,9.6,3,0,52.965828337082435
10,10.4,1,5,49.33428727589853
10,7.3,5,1,68.99751119162167
0,11.2,4,2,13.122475118875485
5,9.6,6,3,37.60887884917793
9,9.2,5,3,61.71664180686922
5,5.8,8,0,51.8665827683903
1,8,7,3,29.272347068853126
2,4.7,7,5,49.58214356441722
6,11.2,10,0,55.196813257968216
6,8.9,1,2,31.24560768122893
9,5.3,10,5,78.7269169058919
5,4.4,2,5,48.24777085894642
6,8.4,3,1,42.10628073544546
7,10.1,8,2,52.72811751576095
6,4.2,3,2,56.50967530100044
4,4,5,2,45.2630861372236
0,7,7,1,29.675048370711934
5,9.8,8,4,51.42679448417504
4,10.2,4,1,29.41080322380836
9,4.6,5,5,72.21572192348522
6,8.8,1,3,35.46131677060465
2,9.9,3,5,20.627280675536902
6,7.7,4,3,50.936410518996105
7,7.6,5,1,55.16723573688586
3,4,1,4,32.64908791687537
4,9.4,8,2,45.805807439342104
4,7.3,9,4,47.806153360861366
8,9.1,10,2,66.6852823987141
6,6.5,1,3,42.74876174539539
1,11,6,5,23.487837481057767
4,10.4,6,4,38.54538985539656
6,6,6,1,59.072351437937826
9,4.4,7,4,72.7034806655237
1,5.6,4,0,30.807007403609216
3,11.2,4,3,25.964152463756005
7,4.2,8,4,67.85508744264042
9,7.2,9,1,74.05857943744873
0,11.4,4,5,17.861098774857396
8,5.1,7,5,73.39383008645767
1,4.4,3,5,29.68013170233682
6,7.8,1,5,39.070308625216924
2,8.6,7,1,32.40602655655016
3,6.9,1,4,28.63969342193934
2,8.6,2,0,26.28100866129586
5,6.6,9,3,53.488741339623466
4,4.7,5,0,50.32349306994859
4,4.9,8,0,57.47025623520364
2,6.2,7,0,40.74530858919401
7,11.9,0,1,32.78896525830386
2,7.6,6,2,31.55885560477848
8,5.9,6,5,60.99639551945552
1,8.9,0,5,16.493135394914525
0,11.9,7,4,24.055287056687213
2,10.6,1,0,10.09603543924932
0,11.1,6,0,20.303045631418254
5,9.4,0,2,24.511940841274065
1,9.7,7,1,24.372380842232754
5,11.6,10,2,50.97625855931963
10,10,5,1,61.486446677912944
5,8.4,6,3,47.195162920594015
5,7.5,5,0,44.669782868024264
8,9.7,2,2,47.92277176428265
8,11.9,9,2,56.02603178992674
10,8.5,9,5,71.64499332113529
0,11,2,0,10.779134752601738
6,6.7,7,3,57.15418659485782
1,4.4,9,1,44.573604816881016
6,10.3,6,0,40.88715012025297
2,4.9,9,4,54.47891956478074
9,11.4,3,5,44.66454566012076
0,7.3,9,3,34.25080856752329
7,9.6,4,4,44.526285669061544
7,9.3,8,1,54.40120473222849
8,7.5,8,0,62.08463940720439
4,11.8,3,3,26.62907440239225
4,4.2,2,0,43.137565865884596
2,6.5,5,2,31.424231838111144
8,5.9,3,4,54.49110514000469
0,4.5,3,4,30.779737191743482
5,8.6,9,3,54.903834987275765
8,7.6,0,2,41.27133427440646
4,6.4,1,3,29.00524729155667
10,6.7,2,5,63.77829436512849
0,8,0,3,11.451747573528035
1,4.6,1,5,22.901073517621604
6,5.9,8,5,61.96622628446956
8,7.6,10,3,65.01497152966975
0,9.8,9,5,26.282784492792196
7,6,1,0,49.557090278409206
3,10.4,8,1,37.03707419587256
4,5.2,2,1,38.25084546448896
10,5.4,1,1,59.559425434674516
6,7.8,8,4,54.643780666470285
6,7.7,9,4,60.60409570612705
2,9.8,7,5,34.415741725607724
3,11.2,4,0,19.254905773432203
9,11.5,3,5,45.56695303402895
7,10.6,4,2,44.32584719758308
3,10.9,3,5,24.804791238207326
5,9.4,4,5,37.466966077053634
6,5,3,5,52.84065051452332
1,6,9,2,38.835116061229364
8,8.6,2,0,46.78909769262471
2,11.1,8,2,33.42435297643407
5,6.1,1,3,34.60667206889076
0,10.5,2,0,4.944316221780335
0,7.1,10,5,38.56300504464688
5,9.9,1,4,33.97052528889246
0,11,9,0,28.28084122269745
0,11.1,10,4,27.86832868464441
3,6.5,3,0,36.199176490193
2,10.9,6,0,22.46426595408121
8,5.1,6,0,60.68509225091373
5,4.3,4,4,53.44743511774325
9,5.5,3,2,65.15753797953548
8,7.6,9,0,64.23066496553632
7,4.9,3,2,56.16696710979501
4,5.5,1,3,40.6659642232144
9,7.2,2,4,50.93965648462581
8,7.4,9,3,63.296001424430386
1,10,2,1,14.763022182902816
10,11.7,5,0,53.58031335534732
4,10.5,7,5,35.41515254803477
6,6.7,10,0,67.20076061176609
3,10.6,10,2,38.2248638291102
2,5.5,4,2,39.16267396610424
10,8,10,0,72.36532908973794
4,9.7,6,3,40.90028687593029
10,10.4,5,4,53.98246102358455
8,11.8,3,1,43.96002906157975
9,6,10,5,77.68112681833612
6,7.9,3,3,40.95829638184396
5,11.3,5,4,36.00074087802912
7,12,6,5,45.50235186599134
8,6.1,4,1,61.246790389393254
9,7.5,8,3,66.43491155848264
4,7.4,5,0,38.50509670688389
9,6.1,9,0,72.50013373149713
9,9.2,6,3,55.21021678800641
8,6.9,1,2,45.117839450896156
4,7.6,9,3,48.644696420263536
9,4.4,0,4,52.99184959463275
2,7.1,9,3,40.4122386029989
3,9.5,1,2,25.132466703571843
6,7.7,0,1,31.536452447556023
10,10.2,1,2,50.38105400837552
10,7.9,3,1,53.91681280522532
8,8.4,5,3,51.51744825535001
4,8.3,6,2,37.491342900356784
9,5.5,2,4,61.50217019134197
10,11.3,0,0,43.94576924722596
6,4.9,8,5,63.21547452662313
10,10.4,4,5,55.83018901437092
7,11.5,5,0,38.21535083406865
9,11.6,6,0,54.07662594450013
9,8,5,0,57.629700390003016
1,5,3,4,35.51356226083105
5,11.8,9,4,46.81877208541975
1,11.6,1,4,4.9451452591184815
4,6.4,2,5,36.89205399054863
10,5.6,8,0,78.82667280469472
3,6.5,9,4,52.82088996189054
10,7.3,8,3,70.68781262295158
9,6.6,5,5,67.21614832661226
10,10.1,9,4,66.11942124940828
4,6.1,2,5,38.88783943319479
8,8.2,0,5,39.35687775658803
5,11.2,2,4,33.99255238677223
10,6.5,0,1,54.732245292156534
9,6.8,6,1,65.40736889502759
1,8.1,2,1,20.28461019555201
6,11.1,2,2,29.657237302941503
6,8.6,1,3,31.85394629094713
6,8.5,7,5,52.15128570818691
0,6,5,3,33.718580159609914
2,4.8,10,4,51.223351252354774
10,11.3,5,2,58.14755439162721
6,5.3,4,2,56.402786185317765
0,7.6,4,2,20.94686502984367
6,6.4,3,4,43.000455985920325
4,9.1,6,4,35.295978259724066
0,10,6,4,22.74889872665151
0,4.2,3,3,25.773401982570313
5,6,7,2,52.239951376025196
8,4.3,10,5,76.16475945506714
10,8.5,0,2,45.76504957795752
5,11.2,0,3,23.803353150398813
4,9.1,8,0,44.128018481740085
3,5.2,1,1,36.42089883255167
4,5.9,9,4,56.64429932109873
10,9.4,6,1,58.299129205113026
6,9.4,7,0,48.25783328106968
6,11.6,5,2,38.02654178341474
2,9,0,2,18.592858311256393
1,9.9,9,1,33.07947414396757
3,7.5,5,5,41.89527190025679
1,8.7,4,2,18.81014905776812
8,8.8,10,2,67.63152831310138
9,9.3,9,2,70.45956901442774
6,5.6,9,3,64.04944797927944
6,11.8,1,4,29.585594508455973
9,10.9,6,5,53.839071084337725
3,4.4,10,4,59.598608027052926
9,4.5,8,0,76.87062883040521
5,6.5,1,3,35.98178882378841
8,4.6,2,2,51.607082480413936
6,7.1,8,5,63.44237657520232
5,7.2,5,3,46.02642208032468
4,11,0,2,17.651340582243883
3,6.5,8,4,48.67619167250847
10,7.3,4,4,61.34708154165605
2,7.5,2,3,23.7382418246895
6,4.1,8,5,68.27562908356911
5,10.8,3,0,27.96776634757905
3,6.1,7,5,41.822730141552626
2,8.8,7,1,33.89777988779923
10,8.1,4,3,63.210407977710936
3,11.5,6,2,31.41706795261166
4,7,8,5,53.30011291073682
1,6.7,3,0,22.16615222722556
10,7.6,5,0,61.30068289513895
9,7.1,8,5,72.24727845872746
3,10.5,1,2,18.331747729639115
9,8.2,3,0,51.00094847091186
8,5.9,9,3,75.2958232698988
7,8.7,1,2,41.237941565584826
1,10.8,2,5,15.480047296757542
7,4.2,5,2,63.026619137315755
1,10.1,6,5,22.709072155477656
10,4.5,5,5,77.24438749302676
9,5.5,5,3,66.43110101196915
0,9.7,3,2,10.323786281607967
0,4.8,7,5,37.965740675795246
3,4,5,5,48.746473603383286
7,11.6,1,4,31.097306549263976
6,6.2,10,2,67.46428711649561
8,8.7,10,3,67.10312768546102
1,4.1,0,4,22.3646635655864
6,6.2,4,2,53.79957009550768
10,11.4,4,3,57.248194800881436
2,9,2,1,19.294059245077865
2,7.6,1,5,20.170402597536032
3,9.3,2,5,22.190655222296247
2,7,5,5,35.15560191596457
5,11.2,0,5,23.71397750119887
10,11.9,6,0,59.0324648328859
1,4.7,1,3,26.23782372553076
4,9.2,3,2,34.59838639162678
7,5.4,2,3,46.22307124569504
10,7.9,10,3,78.49251186934117
8,8.3,0,0,37.333397976680175
6,10.2,7,3,44.19412625242307
5,10.2,5,0,32.19873061612329
0,10.2,8,3,21.891589458586985
4,11.4,8,4,35.143235448340526
9,5.8,1,5,56.76821063417602
9,8.2,0,1,45.43821807377255
2,6.4,4,5,35.70323206361476
4,11.4,7,4,39.69132700510163
6,6.5,2,4,44.3353935611606
5,6.7,3,1,44.729686595290126
7,6,4,2,51.92378948726678
3,11.1,5,4,26.7084807826015
7,8.1,9,1,63.876972090758706
6,7.1,9,1,60.16771889764035
7,11.4,3,2,35.80448614190591
10,8.3,3,3,55.045190453590365
2,5.7,10,2,46.67743023638148
2,11.6,2,3,20.005101868311087
2,7.6,9,2,39.42764351267299
2,6.9,0,3,17.732914008558218
6,11.8,4,1,31.685220148592187
3,9.8,7,3,31.505360737175995
10,10.5,3,0,54.19192387211247
3,4.4,3,2,42.550475118213924
4,5.5,0,2,33.601803161486366
0,7.2,4,0,20.952580804414556
3,7.4,1,3,30.672922508507533
10,8.8,8,2,73.5775501265579
5,11.9,4,0,28.3351676437269
0,10.7,7,0,23.126753111740477
5,10,3,5,34.146139513192246
10,7.3,0,4,51.32249459869114
6,5.1,1,1,41.66242297063323
2,6.4,2,1,22.60806323493717
2,10.9,1,4,17.40789287722032
6,4.3,0,2,47.33304511186192
4,4.5,1,3,38.188403790249126
9,4,7,1,78.78139413966247
6,6.5,4,5,45.364749266362125
9,4.2,1,3,56.78422107273904
1,11.8,7,0,26.041400303151075
4,7.5,2,2,37.25490757738058
7,8.6,1,0,40.384235271186185
4,5.8,0,5,33.89877408495094
7,4.9,8,5,67.34622332186947
7,10.8,4,3,45.84063665780072
3,7.3,8,1,45.25299849622897
0,12,8,4,18.645256492840414
7,11.1,10,3,60.76071729165467
9,4.5,7,1,75.69756197584987
3,9.3,7,3,42.18882700019381
9,6.6,3,1,61.03431066272293
2,5.2,10,2,46.294444090904435
2,4,8,2,46.251117885345046
8,7.8,7,4,63.54827795511606
7,10.9,10,2,61.3159939594399
4,4.9,10,0,56.230280175333796
2,10.2,4,2,26.17271021832311
3,8.4,10,1,50.488595190354886
10,5.8,7,5,71.98385934864311
8,11.7,2,1,35.634301772863154
8,6.5,1,3,47.803200150428644
8,9.5,9,0,63.448304911194214
6,10,6,3,49.24532799049509
3,10.3,2,3,19.44260206423757
0,8.9,10,1,34.59314832088844
8,7.2,3,2,49.08923279510738
1,5.5,10,0,43.89848692226216
4,9.4,9,4,48.69011103312383
10,8.9,2,1,49.836860619761126
5,7.9,8,3,55.11974262060381
0,11.4,8,2,19.47538830591527
8,5.1,6,5,68.39288032758145
3,8.2,7,5,46.26806942601493
6,10.4,5,2,44.820384323432464
2,5.7,0,0,19.484787003415434
1,6.4,0,3,14.74768770660912
6,5.3,3,1,45.20957990083582
1,6.5,5,3,30.075926866013674
6,10.8,0,1,23.214873343767195
1,9.5,7,2,31.973229752661375
2,4.7,6,5,43.58200910943481
10,6.3,4,3,69.91876208432484
0,10.8,9,2,27.471374541715285
2,7.2,1,1,19.634736532389983
6,7.9,10,1,57.42413660391938
5,10.1,0,1,29.337284586250362
6,8.9,2,0,40.23534928413455
2,7.4,0,0,24.182434586642685
2,4.9,0,1,27.987135539394604
10,5.3,5,1,71.35112847576734
10,11.3,5,1,58.45910236762313
6,6.9,6,3,56.88336779877369
8,7.8,5,1,56.525890395141914
1,11.7,10,2,29.712267585252143
5,5.4,6,2,55.63405538522324
8,11.3,8,5,52.24699317778456
8,4.5,5,3,63.02209905907138
4,6,8,0,53.80167114491763
7,9.1,4,5,51.49033503301786
4,9.1,0,1,25.629330299253034
9,10.9,2,2,43.670591097604024
8,6.6,7,1,65.05734438810997
6,10.8,2,5,32.43881295523809
6,9.4,5,1,45.74765720621041
9,10.2,1,0,44.12864460624489
6,11.7,10,2,48.045052600759064
4,4.1,8,0,55.265361366403326
7,5,0,3,51.06656441179382
3,4.7,10,3,53.26136095448596
1,5.3,3,4,29.535045414615993
8,9,3,2,52.478167284882886
6,4.6,4,0,51.733620290683604
4,10.7,10,3,42.36448043268051
2,6.3,4,1,36.86681978173703
10,11.5,5,1,53.77489875610983
7,4.7,8,0,64.85270254853761
6,5.1,9,4,62.23705421818812
3,11.2,2,0,21.95034164061675
8,10.5,8,0,57.87997492399053
0,5.8,1,3,21.737843543352728
4,8.8,8,1,47.975014163707904
9,11.7,6,3,49.9225006439329
5,9.8,0,3,24.83177826541862
8,9.7,10,3,67.8141655254181
9,7.7,7,3,69.8872332660351
4,10.6,10,0,41.32252640420689
8,11.8,9,2,60.089148410593914
0,9.3,6,3,19.80668037965382
3,11.7,4,4,21.38341348339256
4,5.9,6,5,53.413937737296564
9,5.6,9,4,72.84654218785053
0,10.8,8,4,23.301260813041434
5,11.5,9,0,43.13019721942034
0,5.3,7,0,31.653364901453436
2,10,4,0,26.995000746350605
5,7.8,6,3,51.74127386228466
6,8.7,4,5,41.61468560153158
7,8.6,4,1,46.45806175552905
6,7.5,8,1,60.177219025543735
1,7.7,9,1,36.10706710066322
5,10.6,8,1,41.37554646509402
5,11.5,1,4,30.02041805019419
8,4.4,1,2,50.71327316026963
4,10.5,3,5,25.426312075145578
4,6.6,2,2,31.436148490904262
10,8,4,3,63.61830289165721
3,4.9,1,3,29.43245252078037
4,9,8,0,42.340549626184405
4,6.5,10,5,60.43763165303949
5,6.9,6,5,47.16513712788334
9,7.5,6,2,66.13904445030258
1,8,1,3,17.667308138395068
8,6.1,5,1,64.70392477533602
1,11.6,2,5,9.913056496027242
9,5.7,3,1,60.786568403947335
7,11.5,0,4,31.228724387393672
2,6.7,7,2,42.661585697161215
6,5.2,3,2,53.44182666665667
10,7,8,2,69.54117015555373
0,4.1,5,5,30.079263869060718
1,6.4,0,0,19.508063927585184
3,11.3,4,1,25.96628173455853
5,6.6,5,5,49.49135039525808
10,9,4,2,60.89303793714009
3,6.2,5,0,36.87252403947107
6,7.3,0,5,42.601486264157
3,11.2,10,4,37.25097995901679
1,10.9,4,1,13.55312490432112
3,6.8,8,2,49.429307203776546
6,5.2,10,4,69.73212646240012
6,8.6,9,2,58.25925453698237
6,9.3,5,5,50.64261221901896
4,8.2,10,0,53.13940230468259
9,5.9,3,2,58.9779772289646
4,8.4,8,0,48.63649136174655
10,4.5,7,4,79.987935153306
10,4.9,4,0,66.44567054101253
9,5.5,10,0,72.94736466200644
2,4.2,1,3,28.43196834980322
5,9.4,4,3,39.89067997585822
2,9.1,1,4,24.26810853250827
4,8.1,10,0,53.86712054847497
1,7.2,1,1,16.55758525579125
10,4.5,9,4,78.64286863004652
4,10.2,0,1,17.921709832042936
0,7.1,9,2,33.472800874951346
8,7.3,6,2,62.64928334804438
5,9.8,1,0,29.966743050047356
5,6.1,5,4,49.95340658211625
9,9.1,5,2,59.08145406969445
5,11.3,7,3,42.20059177069393
10,5.6,1,1,55.871023512790515
2,6.5,9,5,50.95991521215829
1,11.2,4,4,21.773774265105445
9,4.8,2,1,59.24946662811191
1,5.6,6,5,34.95717322787998
3,10.3,5,2,25.50292442952638
7,8,8,5,62.080004117351734
0,4.4,7,3,40.83091540841111
4,6.1,8,5,49.86379583210203
7,9.2,0,4,40.405339721592014
9,11.2,4,2,45.05730197088093
3,9,5,3,34.93975106214623
0,8.1,3,2,16.18973492121666
10,11.4,0,5,48.6504665021382
0,12,4,3,6.849218751785774
5,4.2,5,3,55.4050343773026
7,4.1,0,5,50.85142930555061
0,5,8,2,40.26018957880506
8,7.2,3,3,57.14781361676182
0,7.9,8,4,27.573928605224094
0,4.2,7,5,43.104805061560576
8,4.7,7,2,67.1562101274992
5,10.7,3,2,36.00403228097225
0,6.6,8,0,31.30452215130465
1,10.8,7,0,21.827154421922426
7,8.9,5,4,51.15433613249088
10,10.5,5,3,54.85255652215962
7,6.2,7,4,61.245107209387236
9,8.4,3,3,50.095130252769714
9,5.6,5,3,67.00205453538429
6,9.3,4,3,37.30193938196057
1,10.6,7,0,22.115376655097414
6,7.6,10,3,63.1509613667195
9,6.8,0,5,56.25685722161219
10,6.6,10,5,77.01713882189071
4,11.1,9,5,47.88751299669494
8,8.3,3,5,51.66655446587373
2,11.4,3,0,18.69966572111274
3,6.3,0,3,25.458921198510012
6,6.3,5,4,55.32505824786132
2,10.5,5,0,28.99496895752683
7,8.4,3,5,48.003633871165896
4,7.8,0,0,28.392360128188955
6,4.2,2,0,44.175468465381634
8,5.2,8,2,70.34474635137165
7,5.2,7,5,66.547632017422
4,8.5,2,4,33.364326624225335
1,7.5,0,1,14.253904479282545
5,9.2,3,4,34.57568890220746
10,4.1,7,5,80.29581620013019
9,10.9,9,5,59.84904418187711
5,7.8,3,4,39.08108823488022
4,4.2,0,2,33.629528877906914
5,4.6,2,2,41.403777635711755
4,10.5,1,3,20.812075990661715
5,9.3,6,5,48.39863534545607
7,8.3,3,5,46.89146237044797
9,11.7,9,3,59.89130580417998
4,5.1,7,4,50.51726500341052
0,8.2,5,4,19.03630122348971
1,9.8,4,2,23.112376186556602
5,4.8,1,5,43.41186030631131
7,4.1,8,2,69.77956676989301
0,11.2,2,5,7.640358423198887
3,10.7,3,3,19.75091738241506
8,10.9,4,3,45.086789733705075
0,7.6,9,3,30.40784157485171
9,6.6,5,2,65.71406394004306
0,7,6,5,28.949000951930213
4,4.5,9,4,62.52609368065247
2,8.7,0,1,12.88074691450161
8,9.4,7,4,58.71127891261338
2,10.2,3,0,24.970221196603937
5,10.8,2,4,33.992996712961414
6,11.4,1,3,29.20783923641655
8,10,3,3,50.571434442273834
10,11,3,3,47.84487846548905
10,6.1,7,3,77.70579440606552
2,8.7,6,4,38.054652761540275
3,6.2,1,1,31.231345538552375
5,10.8,4,3,31.04243927963197
2,7.8,6,2,35.691059808850426
8,7.3,6,1,55.48594734261091
2,4.9,2,1,35.6775624867573
8,5.6,6,0,61.62124301399971
4,8,8,4,52.92173383395413
1,8.2,8,4,30.755869684912177
0,7.1,4,4,22.856723439734907
6,9,7,1,45.495943087169614
9,9.4,8,4,64.64613217719342
10,6.6,0,1,58.20528614069559
7,9.9,1,5,36.51621382100759
4,7.7,3,5,32.331874364837574
0,11.2,4,1,10.15109542652144
6,9.4,4,3,41.529038106474374
6,10.9,10,3,51.52162531238618
8,6.9,10,0,69.25104067078477
4,11.6,9,5,41.54844509311491
10,9.1,8,5,74.03494876308693
4,5.1,6,4,48.02343808386621
6,9.7,9,1,52.615230156043935
4,4,0,1,40.52783350451685
4,7.8,2,2,34.80678073224278
1,9.2,9,4,36.505585828168336
3,10.8,9,1,33.591179899996966
4,4.2,1,5,44.42097849719584
10,10.3,4,0,56.859642413141955
7,4.4,0,5,48.02151363194537
9,5.3,5,5,65.21372857518853
4,10.2,5,1,29.471842190931564
9,9,4,5,59.9644079042841
4,4.1,8,4,62.20612981661284
1,10.7,5,1,23.95178926610577
6,6,5,5,54.234027891373685
10,5.3,3,3,66.54486174473811
0,6.9,2,1,21.849608754854618
4,10.9,8,4,39.407781244961285
8,9.5,5,4,57.34606737011721
10,10.3,1,1,44.669986767122985
8,9.7,1,5,44.42401834785655
2,7.2,2,0,21.674593785885584
0,6.6,10,4,39.35903507860832
5,11.7,9,3,43.12957402740663
1,7,2,1,19.321347391540996
6,5.8,0,5,43.12623502383319
1,9.3,3,0,23.050650688587258
4,11.5,8,1,35.504362497516475
4,7.2,8,0,49.668739383411484
2,8.1,7,3,35.05740390456696
2,11.7,8,3,32.786135896644716
5,9.2,6,0,39.832015661570935
9,4.2,4,5,66.26192123079984
4,8.6,10,0,49.582409856437785
5,8,8,3,52.036656226963785
0,10.7,7,2,24.46150242072408
6,8.8,2,2,38.4079280008515
5,4.7,1,5,39.094274655482934
9,10.3,8,5,64.23856230801347
4,8.9,2,5,29.77779090605246
2,9.8,3,2,26.71090905977745
0,8.1,3,2,17.501560334908714
9,10,9,4,65.34400668331045
0,10.3,10,4,33.216750091071134
6,6.5,7,3,59.75098392756739
5,9.9,5,3,37.94019239921687
10,9.6,5,4,60.68834814220116
4,5.1,0,0,31.118879171369066
1,10.4,4,5,20.94421675431187
5,5.3,1,0,35.123323901335276
4,7.4,5,3,42.96010787655392
0,9.2,3,3,14.117123307949578
5,5.5,2,3,43.435507318718614
4,5.4,4,2,42.30389141213018
10,4.4,7,1,76.74713311081871
1,7.6,0,0,14.675153975686111
10,4,8,5,86.42388079831159
1,9.4,7,0,28.696694983812773
2,9.2,5,5,28.194881879565564
6,11.7,10,3,50.61885717359818
5,8.3,9,4,50.09345947284757
9,4.8,5,3,70.83341067028464
2,10.4,8,0,28.40766561190528
8,10.9,2,2,40.00317569392643
7,11.2,1,3,36.64490873898271
10,5.3,4,0,64.46558052586471
3,9.5,4,5,32.922695558760864
1,11.3,10,3,29.690840436706303
10,6.8,4,5,70.14757250029626
4,10.9,1,3,25.629845379178704
6,5.7,4,1,54.096608054090545
7,11,10,2,57.84072670920368
0,11.9,4,2,7.393336499707454
7,6.8,5,5,58.09589460541368
10,9.6,8,1,64.26733963173456
3,8.9,9,0,40.127418544560925
8,5.3,1,4,48.66522939258711
8,9.8,4,1,52.32255220500676
3,4.2,5,4,48.83939539860731
5,9.7,1,5,31.5328228119286
10,10.6,0,0,40.874699144394924
6,9.6,3,2,38.652239294283625
8,9.7,10,5,63.50436391581973
6,4.4,7,2,58.63837845644954
9,7.9,6,5,62.523688200771765
4,4.7,1,1,39.15164652537343
10,11.4,1,2,48.35322687543687
9,5.3,5,3,68.39467417404921
7,6.8,4,3,48.83120627837169
3,11,1,0,16.273717827068854
2,9.4,9,1,33.803134666892596
4,10.4,5,0,32.890229187388954
4,6.2,6,5,43.19224938753733
10,5.2,2,4,64.03857194600997
3,10.5,3,1,25.84241112578144
5,10.6,0,1,26.70733898086592
6,4.3,3,2,51.38403983924243
0,4.9,7,2,33.00156939430954
5,6.3,5,5,52.00528143644759
8,4.9,8,4,75.05435480538699
0,6.4,0,0,14.98149249825903
2,6.8,10,0,50.521901732949715
0,8.8,8,2,31.056204213888353
2,8.2,5,3,33.31327637034794
7,7.7,6,2,59.59841353385495
0,8.1,2,2,16.02406907094933
9,5.8,1,0,56.26021491829889
5,8.2,6,4,51.442668237475345
8,6,3,2,59.24961835824145
6,11.9,9,5,44.59893887200901
2,10.3,7,5,30.878301680788965
1,12,2,1,9.689210135262728
2,7.7,7,5,41.586155425180905
0,11,10,2,24.965991377451054
4,11.5,10,3,41.04218153435768
1,6.1,1,0,17.812525212524935
9,6.2,8,4,68.75425135201974
5,5.4,1,0,35.73592929354046
5,6,7,4,55.53094572384153
0,10.4,8,5,24.567499528818825
4,4.5,8,4,60.276650477566754
7,8.4,7,2,55.357775771005876
4,9.8,8,4,44.15531837790155
4,4,0,5,42.654042102369885
5,8,7,1,47.910622272509066
8,4.5,7,1,71.1740770018378
10,8.9,0,5,46.40667811864571
6,9.5,9,2,51.553845853911895
0,4.9,0,4,20.022559284400284
0,9.4,4,0,16.29482894707378
4,6.3,5,0,38.0904541149001
3,7.5,8,5,47.6831879811044
10,9.3,10,4,78.48054263104574
2,5.1,2,5,31.980360555220834
6,9.8,6,1,42.202560756310284
8,5.9,7,0,67.08109844589826
4,10.4,6,0,38.52512408526009
8,5.2,5,1,66.3509099058027
7,5.3,4,1,53.00454924746008
6,7,4,3,52.56203246488824
2,5.9,2,3,25.1829666257168
8,6.7,5,3,57.34133140062336
8,11.1,3,3,45.092048715414336
10,5.5,7,4,78.0243924902179
8,8.7,6,3,52.82090133074094
9,8.5,5,5,64.42456418498868
3,10.4,10,4,45.45763534038305
1,8.1,0,4,13.996203520122869
6,8.3,1,5,41.800589174919466
2,11.6,6,1,28.400672244547536
4,6.5,8,0,46.47746506793222
5,6.3,5,5,49.49584037914463
4,10.3,3,0,23.30464419603554
3,8.2,7,5,38.81724557574987
9,7,4,2,62.74066502761614
10,6.6,1,5,63.30328222642035
1,8.2,1,1,12.970556568138605
0,5.3,10,5,40.31024043568096
9,4.3,1,2,59.219652255901025
9,7,5,5,65.86428765598875
7,11,4,0,41.08607791301256
10,4.1,5,1,76.25760686014955
10,5.2,5,1,66.65679032623251
10,10.2,0,5,49.339861766374824
1,11.5,6,5,24.800394964550645
10,9.4,4,2,54.09862774761168
4,8,6,1,36.67930002980546
4,8.2,8,1,43.831200115548306
5,11.2,9,5,49.955715473406926
8,6.7,8,4,70.90813808186834
5,6.5,2,4,45.10895853389113
9,7.7,10,2,76.75578314277958
4,10,1,1,26.52555350281647
6,5.8,9,0,57.13946873601817
0,7.2,5,2,29.759287349002175
5,7.6,6,0,47.80684236079951
3,8.9,8,0,38.565101070090144
5,8.4,4,4,45.364974834575854
10,11.3,9,2,62.873852542835806
4,9.7,8,0,46.01002628734761
8,6.3,9,2,68.82224874155429
4,4.1,10,0,58.82757942241086
